id,boughtPrice,unit,selling_price,total,product_id_fk,in store,target_price
1,93-591-0680,18-894-1747,60-269-3108,1,1,1,1
2,37-617-1446,84-621-6034,99-219-8006,2,2,2,2
3,71-856-3075,77-484-2401,88-993-0728,3,3,3,3
4,96-578-8175,43-229-1407,68-229-9076,4,4,4,4
5,69-436-2387,77-497-4662,37-852-8233,5,5,5,5
6,25-398-1884,64-468-1377,92-137-1144,6,6,6,6
7,87-006-7306,07-855-0915,06-991-4974,7,7,7,7
8,95-234-6579,46-545-8335,87-659-2074,8,8,8,8
9,68-982-3328,59-582-9600,45-749-0593,9,9,9,9
10,08-247-5912,52-938-2257,99-182-6930,10,10,10,10
11,56-960-2006,91-832-2468,25-963-3982,11,11,11,11
12,31-789-9041,63-498-1646,08-823-0390,12,12,12,12
13,78-752-6667,12-251-6772,88-501-4453,13,13,13,13
14,17-784-4767,67-468-8545,56-141-1034,14,14,14,14
15,67-081-5678,64-400-4764,24-497-4607,15,15,15,15
16,81-381-4649,62-623-9596,76-966-7524,16,16,16,16
17,14-002-7925,97-212-2445,52-545-3938,17,17,17,17
18,61-793-5926,47-236-8335,58-115-2698,18,18,18,18
19,54-737-8298,23-851-3213,28-640-5902,19,19,19,19
20,68-199-1483,09-429-1989,29-827-0315,20,20,20,20
21,42-738-5708,90-802-0141,18-356-2701,21,21,21,21
22,50-689-8793,23-380-3631,51-675-2152,22,22,22,22
23,79-753-2798,03-199-4462,24-541-6551,23,23,23,23
24,98-383-8876,98-704-2155,05-277-8222,24,24,24,24
25,55-103-6470,25-868-2833,83-105-9384,25,25,25,25
26,54-514-0033,95-815-9699,85-279-1343,26,26,26,26
27,53-372-6983,56-065-4132,90-046-7269,27,27,27,27
28,09-058-3197,98-528-2271,67-676-7089,28,28,28,28
29,10-261-2519,98-457-3232,38-431-3757,29,29,29,29
30,55-507-2217,30-296-5627,29-214-9626,30,30,30,30
31,62-968-9019,82-242-8557,30-840-8873,31,31,31,31
32,59-029-3626,41-188-0976,65-431-8214,32,32,32,32
33,43-878-6132,56-726-6574,49-647-2061,33,33,33,33
34,91-406-3720,03-053-9511,33-412-3201,34,34,34,34
35,58-407-4975,94-282-3955,13-926-0907,35,35,35,35
36,56-761-5528,24-418-7578,62-210-2810,36,36,36,36
37,08-885-5996,30-722-8054,33-405-3087,37,37,37,37
38,80-068-1639,73-794-5401,50-994-5522,38,38,38,38
39,60-358-6585,65-313-5849,53-930-5962,39,39,39,39
40,62-009-1091,32-266-5764,54-916-3894,40,40,40,40
41,67-953-7279,47-674-5322,13-646-4770,41,41,41,41
42,97-346-6816,95-408-3240,29-416-2271,42,42,42,42
43,03-954-9755,05-070-3910,20-031-2781,43,43,43,43
44,76-069-4666,84-001-4253,92-945-5318,44,44,44,44
45,46-090-6495,86-816-3878,06-568-2511,45,45,45,45
46,65-643-1134,19-786-4954,31-088-8342,46,46,46,46
47,70-457-8612,09-451-0426,86-689-2487,47,47,47,47
48,29-590-3590,78-345-9055,19-804-7683,48,48,48,48
49,23-491-5368,30-858-6832,99-428-8396,49,49,49,49
50,51-282-5236,20-315-4788,80-389-7975,50,50,50,50
51,23-192-3559,85-052-6762,72-813-1460,51,51,51,51
52,58-727-4414,39-648-4571,32-058-1234,52,52,52,52
53,94-549-1756,56-223-7788,46-034-0215,53,53,53,53
54,65-155-5925,44-373-7444,84-305-4726,54,54,54,54
55,76-080-7271,53-336-5916,69-498-4875,55,55,55,55
56,00-014-4395,77-052-5656,96-872-2760,56,56,56,56
57,50-116-2014,34-923-1379,81-396-9374,57,57,57,57
58,05-896-6501,14-016-6194,32-244-5022,58,58,58,58
59,85-737-9684,61-644-9153,77-705-4102,59,59,59,59
60,34-852-6648,40-271-5498,63-416-6227,60,60,60,60
61,04-737-8094,37-814-2591,68-340-7505,61,61,61,61
62,23-311-7642,31-857-8175,51-092-2856,62,62,62,62
63,63-450-3202,50-559-2026,63-648-0630,63,63,63,63
64,35-672-4547,42-560-0197,14-163-2494,64,64,64,64
65,06-239-2618,95-573-9237,37-513-6203,65,65,65,65
66,11-054-2138,11-832-7450,84-204-6254,66,66,66,66
67,63-843-5167,73-626-4718,43-929-8705,67,67,67,67
68,73-320-4107,86-264-2605,39-071-3623,68,68,68,68
69,23-004-1552,02-846-7641,08-621-1347,69,69,69,69
70,50-416-9700,90-878-8077,22-564-4300,70,70,70,70
71,79-049-2134,21-747-9126,59-580-0704,71,71,71,71
72,69-004-5717,60-087-8554,25-317-5813,72,72,72,72
73,59-168-7994,95-697-7471,82-592-9450,73,73,73,73
74,42-325-1780,60-136-5131,88-878-1432,74,74,74,74
75,18-094-0106,11-865-0923,64-262-0360,75,75,75,75
76,90-196-3110,23-641-9273,29-523-9492,76,76,76,76
77,68-119-0334,32-958-6862,59-091-3603,77,77,77,77
78,37-179-7337,52-029-5709,12-582-2886,78,78,78,78
79,20-490-6580,80-836-2625,76-490-3987,79,79,79,79
80,57-333-8794,49-299-7376,95-865-4433,80,80,80,80
81,52-202-9555,22-821-0803,97-053-5573,81,81,81,81
82,50-339-0638,81-478-9828,87-119-6447,82,82,82,82
83,78-277-0133,49-093-2629,83-738-9066,83,83,83,83
84,30-937-7478,04-799-5772,28-919-2876,84,84,84,84
85,47-710-0586,84-874-9934,31-934-0315,85,85,85,85
86,53-349-5094,66-943-7070,03-301-2815,86,86,86,86
87,47-962-2762,62-920-7655,87-470-8594,87,87,87,87
88,43-537-1885,23-554-4606,50-068-1045,88,88,88,88
89,18-242-5160,45-444-4954,64-946-1338,89,89,89,89
90,96-529-4364,79-855-6029,17-214-1365,90,90,90,90
91,84-857-2808,51-026-4202,88-225-5689,91,91,91,91
92,49-010-0163,63-020-3852,35-174-6564,92,92,92,92
93,27-631-2271,05-069-6851,25-018-0259,93,93,93,93
94,69-612-8454,42-758-7755,01-976-4711,94,94,94,94
95,59-550-6669,89-005-4471,44-227-0394,95,95,95,95
96,55-759-2731,81-355-0089,21-634-8817,96,96,96,96
97,90-925-7217,18-197-2250,72-751-9066,97,97,97,97
98,28-769-0726,30-998-7058,17-994-7544,98,98,98,98
99,37-815-4967,11-481-5304,57-371-4733,99,99,99,99
100,65-455-1911,87-911-4542,42-437-5780,100,100,100,100
101,34-230-0358,96-056-2657,30-830-8758,101,101,101,101
102,85-622-4893,69-358-5287,87-573-0176,102,102,102,102
103,80-609-0450,55-000-8672,02-365-7703,103,103,103,103
104,02-508-5009,30-536-9501,18-500-9323,104,104,104,104
105,09-052-7112,07-744-5527,70-871-8327,105,105,105,105
106,05-754-3212,86-591-8076,83-712-6438,106,106,106,106
107,17-333-2417,59-647-9343,82-937-5199,107,107,107,107
108,48-273-8561,39-661-7150,22-252-1877,108,108,108,108
109,49-770-8921,48-388-7861,08-326-0103,109,109,109,109
110,52-444-3840,34-483-4514,69-915-6582,110,110,110,110
111,32-468-3866,67-852-8835,24-863-7492,111,111,111,111
112,64-566-2815,06-551-7455,84-805-9710,112,112,112,112
113,27-333-0339,05-933-4699,43-181-2541,113,113,113,113
114,41-823-4868,38-185-3698,37-587-9471,114,114,114,114
115,48-604-4450,56-095-6876,66-358-1487,115,115,115,115
116,62-507-4932,96-200-3379,20-624-0328,116,116,116,116
117,92-294-3014,77-691-8444,11-600-9155,117,117,117,117
118,91-360-8452,70-795-1557,15-282-2221,118,118,118,118
119,44-990-5122,71-053-4546,93-360-4091,119,119,119,119
120,81-809-0242,85-216-5427,87-599-8799,120,120,120,120
121,43-539-7299,19-016-8323,88-201-2061,121,121,121,121
122,34-051-6860,08-299-9677,48-207-4694,122,122,122,122
123,26-361-4838,95-042-8546,72-312-9806,123,123,123,123
124,17-068-7389,47-004-5302,59-590-2542,124,124,124,124
125,95-804-6853,34-091-1582,18-554-4572,125,125,125,125
126,78-051-3689,98-195-1749,34-846-7172,126,126,126,126
127,96-651-6136,19-630-8438,07-203-8332,127,127,127,127
128,13-053-3684,82-554-6124,15-210-8039,128,128,128,128
129,38-199-7178,79-952-6850,88-602-7071,129,129,129,129
130,98-429-2897,75-871-5024,41-200-1705,130,130,130,130
131,83-323-4115,86-779-5935,01-666-3133,131,131,131,131
132,64-451-0421,19-776-1595,90-234-6164,132,132,132,132
133,28-026-8042,82-547-9253,44-214-8088,133,133,133,133
134,73-646-1730,26-422-3688,84-657-1331,134,134,134,134
135,70-542-1561,12-405-7970,12-370-3371,135,135,135,135
136,63-471-0002,81-720-9906,71-447-7355,136,136,136,136
137,09-801-2890,61-030-8732,98-187-8401,137,137,137,137
138,41-068-0835,11-323-4760,19-156-7253,138,138,138,138
139,82-485-8681,87-217-2379,46-497-1912,139,139,139,139
140,68-033-0065,13-310-1586,71-057-7615,140,140,140,140
141,62-474-5743,76-897-0025,70-745-6428,141,141,141,141
142,41-124-2489,57-320-0199,27-786-6116,142,142,142,142
143,66-680-1102,45-145-7620,00-000-1769,143,143,143,143
144,79-029-4042,30-612-4175,80-003-2455,144,144,144,144
145,46-177-3915,62-188-6268,44-587-3360,145,145,145,145
146,33-972-3503,88-078-9871,38-761-5772,146,146,146,146
147,02-518-2876,82-831-5502,34-774-5117,147,147,147,147
148,62-485-0215,76-891-6671,26-017-5460,148,148,148,148
149,96-276-4574,59-289-7404,80-868-7966,149,149,149,149
150,09-869-1142,99-098-4384,99-463-6091,150,150,150,150
151,25-855-3128,79-388-0773,91-705-3413,151,151,151,151
152,63-615-8005,49-281-4674,97-958-0021,152,152,152,152
153,49-080-6605,94-340-5973,73-072-8673,153,153,153,153
154,37-486-6065,15-340-4906,04-396-9984,154,154,154,154
155,75-908-4963,83-360-2685,89-640-0001,155,155,155,155
156,45-918-2362,89-004-9446,37-369-0507,156,156,156,156
157,06-413-2928,67-539-8485,19-535-7010,157,157,157,157
158,16-374-6550,77-612-3405,32-731-5877,158,158,158,158
159,31-857-0902,32-682-1988,09-234-5741,159,159,159,159
160,92-425-3786,90-150-3465,55-470-4373,160,160,160,160
161,76-468-5103,29-850-7532,25-480-7825,161,161,161,161
162,16-035-7956,06-857-9266,40-997-6564,162,162,162,162
163,01-064-2234,14-380-0660,76-243-0760,163,163,163,163
164,32-188-7138,70-535-3099,45-186-8260,164,164,164,164
165,35-840-7923,56-993-8030,79-657-8310,165,165,165,165
166,58-879-9162,00-160-2941,02-483-7525,166,166,166,166
167,22-479-1354,10-386-8085,23-293-4254,167,167,167,167
168,65-408-0769,10-219-5607,04-923-6439,168,168,168,168
169,68-414-2421,30-580-6142,61-649-2372,169,169,169,169
170,65-811-6497,80-714-1852,51-694-3172,170,170,170,170
171,72-805-8309,51-685-2392,10-865-6311,171,171,171,171
172,65-167-2986,29-267-2018,23-025-5578,172,172,172,172
173,37-621-6607,15-811-3389,32-406-3785,173,173,173,173
174,44-139-0644,78-950-8427,43-574-1278,174,174,174,174
175,23-263-2723,70-837-4053,35-507-8519,175,175,175,175
176,07-347-3933,55-608-6488,42-240-8843,176,176,176,176
177,40-158-1654,00-325-7077,41-803-6043,177,177,177,177
178,96-103-1912,05-909-8139,21-499-5000,178,178,178,178
179,13-014-5544,81-084-2876,40-658-6611,179,179,179,179
180,43-053-2830,11-366-8394,66-853-1427,180,180,180,180
181,80-323-0101,13-459-2036,00-288-8224,181,181,181,181
182,21-794-1883,05-622-1961,26-134-6916,182,182,182,182
183,86-721-2449,26-505-8005,29-099-0722,183,183,183,183
184,85-664-9666,62-186-9502,08-681-7072,184,184,184,184
185,46-449-4393,59-108-9211,46-451-2601,185,185,185,185
186,86-305-4242,80-418-0392,80-252-0582,186,186,186,186
187,78-835-6403,46-691-4663,83-050-5492,187,187,187,187
188,26-545-6525,94-402-1358,44-089-4372,188,188,188,188
189,62-143-4891,44-372-5737,22-754-5334,189,189,189,189
190,71-912-2664,60-027-4670,55-117-1362,190,190,190,190
191,21-124-2718,73-093-2518,25-811-4559,191,191,191,191
192,01-531-0666,02-318-2280,83-040-2605,192,192,192,192
193,45-860-3698,19-681-4046,10-133-0747,193,193,193,193
194,62-704-3307,57-898-2268,98-288-9736,194,194,194,194
195,93-937-5579,61-872-4681,51-008-4025,195,195,195,195
196,70-824-1628,37-801-8854,51-530-9871,196,196,196,196
197,52-999-0661,35-387-5169,27-991-4701,197,197,197,197
198,80-112-6529,44-059-0575,41-704-1962,198,198,198,198
199,49-069-7904,98-904-0682,31-601-5561,199,199,199,199
200,06-965-2393,16-787-6120,16-742-0023,200,200,200,200
201,69-472-9242,32-049-3843,59-678-4621,201,201,201,201
202,13-062-6373,96-785-7115,04-424-8696,202,202,202,202
203,72-632-6118,15-022-9043,41-220-2630,203,203,203,203
204,50-026-2106,14-209-5010,37-091-6952,204,204,204,204
205,61-252-4070,50-147-2228,85-470-6257,205,205,205,205
206,64-230-8439,93-319-9444,21-409-2610,206,206,206,206
207,54-038-6864,68-152-7603,30-793-0597,207,207,207,207
208,36-937-8791,98-800-9027,68-791-3532,208,208,208,208
209,93-550-2223,77-351-1676,81-654-8073,209,209,209,209
210,50-168-8105,31-333-9659,74-504-5662,210,210,210,210
211,19-540-2438,94-253-5330,28-573-5425,211,211,211,211
212,78-805-6649,61-034-3340,96-865-8809,212,212,212,212
213,42-785-1515,32-309-9142,73-284-9207,213,213,213,213
214,91-096-9201,68-891-8811,80-258-5563,214,214,214,214
215,44-865-3417,30-589-5012,98-072-7879,215,215,215,215
216,57-830-4494,70-182-5313,24-902-0320,216,216,216,216
217,87-236-8754,06-015-8729,41-572-5579,217,217,217,217
218,93-637-1776,20-066-1420,67-663-2158,218,218,218,218
219,25-118-2740,72-782-9844,10-102-7925,219,219,219,219
220,96-461-7714,06-180-5431,70-315-9281,220,220,220,220
221,78-283-7986,52-008-0453,91-939-2435,221,221,221,221
222,64-905-0626,19-732-8635,39-248-0113,222,222,222,222
223,29-485-7784,90-009-3874,09-340-6272,223,223,223,223
224,48-808-5377,45-012-4844,87-945-2602,224,224,224,224
225,90-300-5136,14-832-0878,82-887-6105,225,225,225,225
226,85-097-7015,55-402-6973,00-293-3645,226,226,226,226
227,48-136-1087,92-360-6147,76-836-4654,227,227,227,227
228,41-355-8104,24-864-6361,68-060-5674,228,228,228,228
229,84-791-1914,64-999-5051,81-161-6904,229,229,229,229
230,45-166-2338,58-725-7580,79-895-4880,230,230,230,230
231,33-495-5316,50-714-1370,29-390-8888,231,231,231,231
232,03-825-6697,23-294-8666,53-142-7722,232,232,232,232
233,13-399-0824,10-597-5747,33-863-7394,233,233,233,233
234,48-611-5397,97-023-4306,86-534-1306,234,234,234,234
235,94-023-6380,40-662-6503,77-425-9198,235,235,235,235
236,56-564-8268,45-993-2390,99-740-7374,236,236,236,236
237,00-522-7335,29-554-8981,20-215-4818,237,237,237,237
238,96-253-1050,56-747-6592,82-720-4673,238,238,238,238
239,77-360-4852,23-224-8598,03-647-4834,239,239,239,239
240,07-493-9772,70-838-7176,25-179-0139,240,240,240,240
241,83-396-7889,53-010-2091,66-641-1379,241,241,241,241
242,74-211-6078,04-743-6126,64-513-9221,242,242,242,242
243,09-596-2775,99-035-1276,45-178-3810,243,243,243,243
244,71-239-3539,84-007-7798,28-852-4279,244,244,244,244
245,98-943-1695,76-008-3087,38-067-3887,245,245,245,245
246,29-686-5071,74-386-8849,74-161-8453,246,246,246,246
247,48-391-2578,16-725-8613,85-088-0668,247,247,247,247
248,46-179-2576,81-928-6904,12-784-9038,248,248,248,248
249,70-307-3220,28-033-2443,63-721-3003,249,249,249,249
250,33-056-9998,47-281-2878,81-891-2805,250,250,250,250
251,69-979-5404,70-013-8440,49-031-3325,251,251,251,251
252,81-900-3764,37-923-1222,68-396-2076,252,252,252,252
253,86-015-2324,04-716-7308,59-399-5192,253,253,253,253
254,71-754-2986,88-844-5222,19-239-1249,254,254,254,254
255,55-788-2624,45-359-2025,86-873-6652,255,255,255,255
256,76-853-0502,13-931-4291,13-496-3080,256,256,256,256
257,03-438-7408,56-067-1889,03-426-4633,257,257,257,257
258,60-245-2853,70-095-3866,49-233-9208,258,258,258,258
259,53-570-6487,58-199-6377,83-209-7172,259,259,259,259
260,37-029-0090,31-864-7230,91-741-8049,260,260,260,260
261,24-840-8004,55-347-2179,09-632-6278,261,261,261,261
262,52-608-1810,76-180-5174,03-207-5192,262,262,262,262
263,43-329-3488,29-148-8974,38-801-5843,263,263,263,263
264,11-446-2273,26-311-8121,90-603-3974,264,264,264,264
265,99-669-4978,70-569-9038,63-295-9218,265,265,265,265
266,97-613-8788,18-018-5148,41-151-4442,266,266,266,266
267,89-907-7055,42-652-8119,49-844-8838,267,267,267,267
268,32-182-8814,81-844-8140,27-995-3332,268,268,268,268
269,18-396-9423,24-768-6531,92-401-8045,269,269,269,269
270,17-810-8517,21-951-3229,93-781-7564,270,270,270,270
271,13-348-0544,74-109-9917,11-378-8017,271,271,271,271
272,97-776-9111,83-793-8012,26-747-1196,272,272,272,272
273,43-626-6639,67-807-9138,83-172-2212,273,273,273,273
274,59-756-7928,89-169-3016,63-858-2648,274,274,274,274
275,68-378-2478,66-936-2932,72-151-6051,275,275,275,275
276,17-236-2552,46-171-5869,23-220-0162,276,276,276,276
277,68-911-7765,87-527-5340,27-699-1405,277,277,277,277
278,97-773-4604,38-691-2690,42-076-3106,278,278,278,278
279,50-256-1434,41-605-2047,99-950-9387,279,279,279,279
280,89-667-0137,56-889-7041,65-672-9174,280,280,280,280
281,31-824-8887,47-022-4909,30-125-3508,281,281,281,281
282,27-368-1195,40-456-8702,74-835-7062,282,282,282,282
283,85-240-0944,68-889-2345,53-142-8500,283,283,283,283
284,13-150-3077,72-752-7097,30-056-3624,284,284,284,284
285,62-129-8818,68-047-6692,90-284-1351,285,285,285,285
286,94-226-3723,15-754-2356,75-242-7820,286,286,286,286
287,03-415-0420,95-687-3418,92-740-4506,287,287,287,287
288,27-663-4732,71-470-4971,33-423-7817,288,288,288,288
289,74-653-7515,65-296-4939,02-855-9258,289,289,289,289
290,56-024-5242,02-216-8096,68-681-5540,290,290,290,290
291,60-498-3123,51-812-3691,01-303-0635,291,291,291,291
292,64-683-5653,32-148-2491,06-805-4534,292,292,292,292
293,50-596-1460,76-550-2029,64-479-2909,293,293,293,293
294,77-475-0310,24-798-9260,67-707-5947,294,294,294,294
295,50-374-4788,14-036-3910,53-604-1488,295,295,295,295
296,70-600-0504,31-012-6401,18-742-2565,296,296,296,296
297,30-757-0030,40-829-5813,27-117-7748,297,297,297,297
298,97-851-5226,97-001-6053,23-496-9027,298,298,298,298
299,05-722-0358,55-814-4362,12-366-3812,299,299,299,299
300,87-424-3043,36-813-6370,09-020-5164,300,300,300,300
301,59-722-3763,12-628-4148,18-592-8789,301,301,301,301
302,83-324-3559,97-655-4723,82-502-3034,302,302,302,302
303,61-474-8151,23-707-1409,11-219-6498,303,303,303,303
304,16-217-7700,45-139-4478,34-425-3575,304,304,304,304
305,09-406-5992,20-176-4770,70-023-2328,305,305,305,305
306,71-394-8342,12-531-7610,52-330-0374,306,306,306,306
307,53-006-8577,78-853-3993,31-155-0348,307,307,307,307
308,93-586-3718,69-420-8926,57-817-8747,308,308,308,308
309,30-423-2060,65-659-8188,22-669-8212,309,309,309,309
310,89-112-8638,01-755-0391,98-789-2431,310,310,310,310
311,87-605-2409,42-725-2032,53-273-5793,311,311,311,311
312,89-737-4811,30-706-0342,44-841-4223,312,312,312,312
313,44-594-1026,42-064-4531,52-661-9823,313,313,313,313
314,24-145-5623,94-147-1793,36-536-7068,314,314,314,314
315,65-152-0676,43-743-4662,52-678-2824,315,315,315,315
316,37-600-8427,13-946-6862,19-682-3579,316,316,316,316
317,29-130-0522,98-496-4085,33-664-8797,317,317,317,317
318,37-751-9812,38-876-0788,52-073-7368,318,318,318,318
319,57-041-3096,55-993-6256,14-042-8622,319,319,319,319
320,67-266-3673,44-423-6342,00-886-1624,320,320,320,320
321,94-700-0463,02-239-8107,63-305-4404,321,321,321,321
322,16-471-2970,54-078-4278,63-140-1408,322,322,322,322
323,26-253-4698,66-945-6044,15-562-4035,323,323,323,323
324,35-976-7084,78-166-4928,04-927-7316,324,324,324,324
325,24-035-2459,63-247-7978,92-082-0062,325,325,325,325
326,12-003-7153,21-733-7286,68-712-1118,326,326,326,326
327,82-461-7740,99-203-2149,57-538-0046,327,327,327,327
328,11-861-4989,95-095-7309,50-137-1908,328,328,328,328
329,64-396-8352,96-318-1157,98-363-9163,329,329,329,329
330,23-463-4986,38-640-9236,74-139-4365,330,330,330,330
331,29-715-6200,54-332-5668,40-009-1819,331,331,331,331
332,49-927-3816,71-764-4477,29-682-9641,332,332,332,332
333,82-782-0812,96-211-3688,73-682-3008,333,333,333,333
334,10-381-9229,22-528-6333,45-803-3212,334,334,334,334
335,52-377-6672,62-323-1602,51-494-5923,335,335,335,335
336,74-383-8553,74-986-7674,10-238-4224,336,336,336,336
337,38-831-4006,78-367-5583,30-583-7306,337,337,337,337
338,12-764-2293,73-541-0269,35-815-5761,338,338,338,338
339,36-383-1825,54-736-0600,78-024-9188,339,339,339,339
340,84-198-5324,30-695-6497,15-375-1045,340,340,340,340
341,76-845-9898,74-342-5999,70-137-7655,341,341,341,341
342,44-143-5655,70-791-9829,42-915-7282,342,342,342,342
343,21-712-0298,15-322-4422,21-151-7361,343,343,343,343
344,94-219-6441,42-974-3274,32-962-7618,344,344,344,344
345,06-381-9513,21-710-0770,40-744-0954,345,345,345,345
346,01-627-8529,70-654-4897,28-043-1455,346,346,346,346
347,95-943-8971,13-772-5762,81-773-7247,347,347,347,347
348,71-710-9553,79-103-0549,41-136-1410,348,348,348,348
349,80-866-8749,36-956-5253,75-891-4967,349,349,349,349
350,92-762-5460,80-994-1236,65-347-8536,350,350,350,350
351,69-428-6208,37-016-5225,75-305-7766,351,351,351,351
352,01-717-7457,73-937-4334,17-140-8117,352,352,352,352
353,10-568-0565,22-003-7506,88-160-0571,353,353,353,353
354,52-342-3816,30-401-9938,97-096-9265,354,354,354,354
355,64-327-9580,43-649-0964,54-976-9849,355,355,355,355
356,09-938-5735,57-381-9265,41-647-3780,356,356,356,356
357,75-313-4230,35-101-3494,43-679-6739,357,357,357,357
358,51-948-6325,49-015-7722,53-104-2352,358,358,358,358
359,57-235-9886,15-257-9877,23-977-0554,359,359,359,359
360,54-114-8859,87-558-0042,01-491-6574,360,360,360,360
361,19-431-2973,63-258-6594,50-637-2149,361,361,361,361
362,68-877-4086,68-535-6693,16-566-1037,362,362,362,362
363,80-638-3002,47-910-8855,07-393-8376,363,363,363,363
364,52-607-1978,60-721-3877,97-752-1823,364,364,364,364
365,49-637-5605,56-471-5725,77-116-9903,365,365,365,365
366,30-087-7409,75-721-0943,10-420-5831,366,366,366,366
367,64-051-1631,42-195-7282,10-161-5393,367,367,367,367
368,14-140-3280,06-376-8938,88-380-7183,368,368,368,368
369,24-354-0165,44-705-9414,95-160-3271,369,369,369,369
370,47-879-7091,07-236-7182,24-197-1774,370,370,370,370
371,12-003-8009,31-050-3929,85-297-1678,371,371,371,371
372,79-075-8305,22-031-4933,12-962-4365,372,372,372,372
373,80-183-3204,83-930-1716,20-489-4854,373,373,373,373
374,49-249-7162,80-983-2374,04-143-3106,374,374,374,374
375,99-832-4182,61-547-2637,67-342-2216,375,375,375,375
376,34-973-5953,04-309-0762,43-834-8187,376,376,376,376
377,13-564-4861,63-190-9192,61-908-5407,377,377,377,377
378,30-980-7563,42-765-8989,40-324-8998,378,378,378,378
379,72-060-6539,48-372-4409,79-461-2445,379,379,379,379
380,17-594-1938,56-452-0816,72-058-4827,380,380,380,380
381,97-173-4715,83-303-9622,12-742-0979,381,381,381,381
382,27-095-6783,77-770-2066,64-128-0321,382,382,382,382
383,29-078-5610,49-660-8581,79-786-6807,383,383,383,383
384,24-949-8679,93-261-5734,94-162-3555,384,384,384,384
385,09-102-0660,19-461-0765,44-531-4993,385,385,385,385
386,62-067-1489,15-081-8876,13-872-2096,386,386,386,386
387,18-009-6658,15-130-5087,57-731-7037,387,387,387,387
388,49-006-0895,87-307-4480,17-580-6034,388,388,388,388
389,90-567-3178,69-851-7705,68-552-8759,389,389,389,389
390,04-563-4824,65-259-3695,37-401-8179,390,390,390,390
391,67-400-0178,11-973-3042,66-022-6733,391,391,391,391
392,29-352-8451,89-979-9721,88-922-0704,392,392,392,392
393,60-354-0683,95-586-9369,14-196-4413,393,393,393,393
394,56-348-1213,76-700-0498,11-511-0768,394,394,394,394
395,50-145-6576,35-212-7928,87-148-8077,395,395,395,395
396,77-369-4819,66-850-6316,24-351-2470,396,396,396,396
397,47-713-0969,78-057-4993,69-628-8046,397,397,397,397
398,08-072-1937,12-902-4414,04-520-9834,398,398,398,398
399,78-974-8935,11-590-5506,69-330-8721,399,399,399,399
400,02-667-8889,66-877-5409,54-104-3900,400,400,400,400
401,21-096-7397,99-491-7167,47-252-1027,401,401,401,401
402,89-985-0420,86-691-4700,52-757-9210,402,402,402,402
403,43-738-7737,34-835-8819,18-959-6832,403,403,403,403
404,42-827-1682,42-624-8422,65-366-4857,404,404,404,404
405,75-667-5564,46-793-1744,68-429-1187,405,405,405,405
406,63-858-9753,62-692-9489,98-599-0456,406,406,406,406
407,84-730-6273,26-214-5561,84-571-9634,407,407,407,407
408,31-809-9459,51-084-8197,29-759-3954,408,408,408,408
409,38-461-1522,42-738-2369,97-031-1694,409,409,409,409
410,52-966-5502,93-024-4742,51-021-6052,410,410,410,410
411,40-333-3799,63-385-2875,65-420-8933,411,411,411,411
412,18-916-6710,92-981-7048,16-389-0863,412,412,412,412
413,74-707-0378,81-605-4427,68-867-9129,413,413,413,413
414,36-853-2538,73-884-3203,10-274-6840,414,414,414,414
415,84-437-6340,37-131-7553,40-238-5202,415,415,415,415
416,37-129-4757,16-095-6875,21-673-2996,416,416,416,416
417,64-065-2450,67-175-3439,07-782-8670,417,417,417,417
418,07-264-1445,72-151-8253,56-961-4135,418,418,418,418
419,63-236-7645,04-259-3222,00-436-2575,419,419,419,419
420,43-692-7253,48-883-3810,08-026-0449,420,420,420,420
421,55-532-7051,54-564-9083,83-914-8452,421,421,421,421
422,87-368-0774,27-123-0053,93-922-8011,422,422,422,422
423,03-939-7955,43-383-0415,79-166-8359,423,423,423,423
424,82-755-5305,28-576-7045,82-872-8114,424,424,424,424
425,66-767-1953,11-395-6047,32-274-5288,425,425,425,425
426,25-818-6655,74-912-1733,63-358-3058,426,426,426,426
427,50-825-1455,08-753-9736,53-057-5642,427,427,427,427
428,98-403-1039,75-635-0061,54-070-0730,428,428,428,428
429,22-807-0239,93-455-0669,19-381-0391,429,429,429,429
430,01-889-6354,60-610-3338,06-265-8881,430,430,430,430
431,16-223-9093,07-701-5868,66-457-8564,431,431,431,431
432,63-811-5077,59-364-0750,34-484-9358,432,432,432,432
433,15-394-0322,00-497-0704,95-869-7180,433,433,433,433
434,52-595-2275,41-266-9546,25-596-9435,434,434,434,434
435,94-727-4225,10-102-7225,08-599-3551,435,435,435,435
436,59-798-9077,02-246-6394,37-113-1089,436,436,436,436
437,82-997-2039,73-740-8902,85-884-0777,437,437,437,437
438,66-880-1313,78-670-8930,59-485-0244,438,438,438,438
439,45-582-5487,43-278-1762,57-154-7131,439,439,439,439
440,34-299-8204,60-571-2231,87-542-8634,440,440,440,440
441,18-350-6884,28-434-0141,02-765-7884,441,441,441,441
442,59-107-1487,95-046-4710,17-642-3971,442,442,442,442
443,88-499-1070,03-392-8080,14-315-5649,443,443,443,443
444,05-226-8134,31-602-8529,65-221-9572,444,444,444,444
445,45-303-0424,11-964-6860,10-391-4570,445,445,445,445
446,85-072-1374,30-416-8991,68-290-1613,446,446,446,446
447,52-331-7411,94-134-8632,38-410-6019,447,447,447,447
448,78-170-4838,54-732-9595,94-044-8090,448,448,448,448
449,60-326-1403,43-047-6658,05-382-1761,449,449,449,449
450,21-788-6196,51-896-3354,40-463-8416,450,450,450,450
451,52-215-4855,66-358-6676,86-846-1402,451,451,451,451
452,87-501-7252,59-858-1578,59-039-5906,452,452,452,452
453,81-731-7941,96-854-7954,25-132-4943,453,453,453,453
454,18-317-2070,37-980-7547,01-578-3651,454,454,454,454
455,30-169-4142,41-344-7074,63-530-9535,455,455,455,455
456,64-511-4212,88-107-5055,18-921-3348,456,456,456,456
457,66-288-4213,21-003-6843,68-427-6425,457,457,457,457
458,60-704-6116,28-518-8828,91-774-9842,458,458,458,458
459,27-559-5664,10-387-0835,36-328-9549,459,459,459,459
460,22-580-7693,72-577-9455,19-514-7862,460,460,460,460
461,26-602-5520,24-432-3794,78-430-6824,461,461,461,461
462,93-838-9299,09-254-7853,94-359-5796,462,462,462,462
463,62-648-2691,87-561-2875,92-019-3712,463,463,463,463
464,45-145-7040,61-203-1043,28-847-0344,464,464,464,464
465,77-393-7969,70-171-6597,69-269-9651,465,465,465,465
466,06-673-2115,66-583-2556,53-258-6472,466,466,466,466
467,65-858-8713,55-619-0067,50-321-0481,467,467,467,467
468,16-502-6903,09-606-3412,03-374-7746,468,468,468,468
469,13-699-5384,89-128-6837,72-187-2518,469,469,469,469
470,12-889-5139,66-985-6070,75-596-7211,470,470,470,470
471,06-177-3017,01-807-8223,53-388-6882,471,471,471,471
472,96-439-9781,29-736-6292,95-057-7063,472,472,472,472
473,81-421-5462,36-321-7109,63-336-1875,473,473,473,473
474,87-141-8348,47-683-4482,64-419-7047,474,474,474,474
475,09-473-8444,27-829-2602,51-325-5017,475,475,475,475
476,24-792-2205,97-082-1353,81-847-5421,476,476,476,476
477,77-344-0902,91-926-4788,19-159-0323,477,477,477,477
478,50-333-8458,61-405-0279,54-343-2001,478,478,478,478
479,73-435-8921,91-176-5058,13-049-8615,479,479,479,479
480,13-310-9647,66-422-0246,45-525-1203,480,480,480,480
481,08-935-0941,38-479-4516,68-174-0055,481,481,481,481
482,11-770-9251,31-019-0519,17-062-9493,482,482,482,482
483,60-031-9363,89-510-7535,58-908-8612,483,483,483,483
484,53-166-1847,83-329-8461,97-258-9018,484,484,484,484
485,12-412-1542,91-473-1554,16-430-8955,485,485,485,485
486,56-565-5614,84-864-5020,68-079-9179,486,486,486,486
487,62-953-6234,78-920-7440,45-638-5630,487,487,487,487
488,03-714-3547,18-133-9152,62-243-0424,488,488,488,488
489,47-995-0136,66-435-7097,32-898-8412,489,489,489,489
490,01-212-0842,26-827-6633,49-236-9222,490,490,490,490
491,50-803-7196,92-215-2684,13-991-0977,491,491,491,491
492,70-028-8661,75-176-2070,83-216-6747,492,492,492,492
493,85-317-1918,30-724-1183,38-820-4252,493,493,493,493
494,14-394-9899,95-549-3818,32-768-2989,494,494,494,494
495,52-886-9010,54-945-3483,57-100-3528,495,495,495,495
496,64-054-7453,91-401-6040,81-988-8910,496,496,496,496
497,09-734-7368,78-748-0917,23-002-6883,497,497,497,497
498,79-572-9570,80-317-7792,47-259-7960,498,498,498,498
499,96-897-1093,24-625-6327,87-090-6065,499,499,499,499
500,34-334-6575,17-976-3911,81-226-2679,500,500,500,500
501,43-831-1871,28-010-4274,81-060-2658,501,501,501,501
502,22-433-2755,76-039-6584,18-264-4603,502,502,502,502
503,11-162-9177,31-385-6721,26-092-3934,503,503,503,503
504,91-550-9135,26-260-4414,07-607-8576,504,504,504,504
505,59-367-0409,14-362-3473,27-202-6529,505,505,505,505
506,99-877-5141,43-886-2740,72-849-0244,506,506,506,506
507,26-690-0978,32-107-0540,30-047-4365,507,507,507,507
508,50-451-3776,69-208-0713,16-905-3702,508,508,508,508
509,70-652-0770,62-640-2968,82-248-1862,509,509,509,509
510,18-157-4653,52-131-6192,16-555-4305,510,510,510,510
511,46-865-4396,61-320-0933,45-660-8193,511,511,511,511
512,45-098-0178,96-760-7061,20-636-0376,512,512,512,512
513,90-553-7679,53-150-5247,74-418-8086,513,513,513,513
514,90-943-7712,02-957-7943,64-049-3628,514,514,514,514
515,43-531-4001,11-751-2845,47-053-2585,515,515,515,515
516,38-633-6588,47-053-3296,31-952-9198,516,516,516,516
517,19-918-3148,94-361-0589,43-387-2856,517,517,517,517
518,32-343-8898,38-441-4469,66-357-4597,518,518,518,518
519,98-255-4513,53-521-5811,87-801-8496,519,519,519,519
520,63-185-2294,27-166-6749,42-487-9838,520,520,520,520
521,63-030-8189,09-540-2405,43-878-9466,521,521,521,521
522,56-175-1839,16-489-7455,48-509-5979,522,522,522,522
523,70-608-9597,49-306-3374,09-358-6294,523,523,523,523
524,72-897-6593,17-838-3783,24-647-9153,524,524,524,524
525,84-613-6229,24-795-1549,68-671-6654,525,525,525,525
526,77-729-8712,02-095-2821,57-698-4973,526,526,526,526
527,13-604-2893,55-677-6336,07-926-5078,527,527,527,527
528,48-805-6366,08-611-7107,73-849-3773,528,528,528,528
529,87-950-6306,70-164-7814,42-125-6862,529,529,529,529
530,33-155-6896,25-160-8765,34-910-3971,530,530,530,530
531,21-776-9771,06-042-5009,16-945-0004,531,531,531,531
532,34-828-0732,54-552-3259,56-536-6044,532,532,532,532
533,91-032-2263,98-831-5826,48-753-9645,533,533,533,533
534,47-807-6735,52-915-6713,17-292-1575,534,534,534,534
535,24-802-0477,47-839-0995,93-062-0538,535,535,535,535
536,49-331-1330,11-674-4731,67-686-6063,536,536,536,536
537,61-367-4977,00-975-0588,80-980-6916,537,537,537,537
538,01-278-6354,62-514-2007,74-845-8258,538,538,538,538
539,87-480-1855,75-624-7721,44-316-8939,539,539,539,539
540,45-330-3542,35-342-6013,52-176-1109,540,540,540,540
541,44-585-6656,48-039-2516,28-155-4933,541,541,541,541
542,25-990-2221,98-247-1169,15-259-4217,542,542,542,542
543,68-275-9182,59-903-5001,41-286-8065,543,543,543,543
544,34-416-2153,48-087-1508,26-538-8353,544,544,544,544
545,48-634-6408,33-199-7235,42-356-6331,545,545,545,545
546,18-198-2612,34-484-4698,89-783-0623,546,546,546,546
547,24-080-6698,68-016-7681,07-043-9213,547,547,547,547
548,75-337-7521,15-825-8703,26-069-5727,548,548,548,548
549,74-994-5564,55-378-3653,68-713-6070,549,549,549,549
550,41-492-0836,50-122-3985,52-102-8599,550,550,550,550
551,17-037-3229,85-302-1906,72-568-5393,551,551,551,551
552,76-452-5664,53-407-8822,99-306-5130,552,552,552,552
553,53-089-6898,05-994-3424,83-393-9454,553,553,553,553
554,50-604-0595,86-302-2035,57-058-1296,554,554,554,554
555,98-949-3027,12-866-3800,24-869-2496,555,555,555,555
556,17-286-2150,23-995-9360,04-745-8226,556,556,556,556
557,91-443-7863,26-811-2299,22-557-3890,557,557,557,557
558,06-499-2910,51-495-8706,72-578-6989,558,558,558,558
559,05-785-1267,04-608-2313,20-519-7972,559,559,559,559
560,52-116-3596,82-729-1061,23-644-7256,560,560,560,560
561,04-391-8719,50-715-3169,62-930-7533,561,561,561,561
562,18-580-8010,57-931-2811,08-713-5513,562,562,562,562
563,49-288-1150,42-184-0145,84-970-9147,563,563,563,563
564,78-740-3188,56-856-2470,06-841-2379,564,564,564,564
565,74-079-5676,42-613-9327,77-356-3372,565,565,565,565
566,24-789-8888,48-425-9839,18-085-7952,566,566,566,566
567,63-567-3376,64-581-5644,05-601-2094,567,567,567,567
568,69-570-4842,21-230-2903,87-237-3095,568,568,568,568
569,60-985-0428,28-306-6892,49-193-3028,569,569,569,569
570,51-383-9691,51-421-7888,92-039-7696,570,570,570,570
571,55-009-4737,89-405-5495,61-125-7885,571,571,571,571
572,11-835-9851,95-164-6688,82-601-5624,572,572,572,572
573,16-675-3521,32-630-9198,04-599-6267,573,573,573,573
574,64-789-5994,70-497-5152,58-593-5486,574,574,574,574
575,37-860-2482,29-247-2858,03-348-8799,575,575,575,575
576,89-784-4874,83-644-0705,92-138-3654,576,576,576,576
577,94-684-8968,67-333-4807,40-583-5286,577,577,577,577
578,14-951-7916,40-396-8833,24-516-8192,578,578,578,578
579,33-104-3528,02-338-5956,60-922-5518,579,579,579,579
580,99-529-2855,95-380-7089,75-633-0076,580,580,580,580
581,36-921-8381,27-895-0044,04-759-5933,581,581,581,581
582,69-084-0507,76-507-2087,19-130-1876,582,582,582,582
583,41-193-8568,73-871-2563,30-916-6870,583,583,583,583
584,48-762-2378,99-927-0734,53-279-8606,584,584,584,584
585,98-519-3259,57-975-1133,37-435-9780,585,585,585,585
586,59-044-9166,99-194-3868,41-407-1657,586,586,586,586
587,67-409-6382,16-495-8300,53-302-4567,587,587,587,587
588,83-535-2792,21-827-0391,39-523-9335,588,588,588,588
589,49-325-1465,38-903-0455,14-556-2987,589,589,589,589
590,12-981-3248,62-510-3152,02-181-9789,590,590,590,590
591,07-059-5375,05-355-3129,50-292-6837,591,591,591,591
592,72-610-3550,82-743-1071,71-388-0007,592,592,592,592
593,37-472-8814,26-797-5950,02-809-8698,593,593,593,593
594,25-493-2935,22-050-9893,02-327-8684,594,594,594,594
595,49-837-1635,86-118-6087,14-059-7673,595,595,595,595
596,53-809-4439,40-425-0154,64-645-9504,596,596,596,596
597,30-696-0243,18-812-0183,82-567-8049,597,597,597,597
598,72-687-1331,54-806-9990,44-588-9619,598,598,598,598
599,32-772-4726,60-731-8550,01-700-6593,599,599,599,599
600,72-474-3716,81-989-2806,84-973-1745,600,600,600,600
601,85-678-3091,55-779-1141,33-227-5221,601,601,601,601
602,67-603-1165,08-051-5337,76-234-3808,602,602,602,602
603,74-103-6765,33-531-7023,44-362-7810,603,603,603,603
604,67-145-8196,65-041-0691,19-919-3788,604,604,604,604
605,30-678-6149,75-245-0121,10-313-8068,605,605,605,605
606,88-403-9458,30-591-9165,25-111-9169,606,606,606,606
607,90-883-0567,60-184-1305,95-666-8449,607,607,607,607
608,22-749-9460,97-593-1211,56-552-6944,608,608,608,608
609,33-464-7365,77-595-6039,94-212-4854,609,609,609,609
610,43-999-2563,01-405-4861,17-540-5354,610,610,610,610
611,85-330-1412,26-740-3112,49-323-7268,611,611,611,611
612,30-102-9034,86-916-1369,45-395-6394,612,612,612,612
613,49-515-8033,98-756-3087,13-871-3883,613,613,613,613
614,69-363-9600,15-694-1740,46-139-7365,614,614,614,614
615,24-474-1164,97-687-1234,15-448-9981,615,615,615,615
616,96-290-1318,69-806-2609,25-001-4920,616,616,616,616
617,83-405-8092,70-111-1465,47-895-1250,617,617,617,617
618,37-381-8468,78-124-5318,66-314-7430,618,618,618,618
619,39-497-8232,73-686-2296,10-034-2955,619,619,619,619
620,81-398-7702,01-014-0576,03-214-7116,620,620,620,620
621,35-057-4771,65-033-2487,18-622-7714,621,621,621,621
622,79-839-3850,91-679-4346,07-577-6416,622,622,622,622
623,70-359-5341,59-913-7803,94-896-4025,623,623,623,623
624,95-739-1263,10-776-5075,55-715-4102,624,624,624,624
625,72-635-6191,53-093-2919,67-032-9756,625,625,625,625
626,51-473-7618,84-714-7134,82-919-7671,626,626,626,626
627,89-725-2035,81-144-6682,69-942-9144,627,627,627,627
628,35-577-0090,57-402-1902,76-944-9850,628,628,628,628
629,05-412-4718,01-076-8964,70-735-5536,629,629,629,629
630,45-633-8538,41-939-1200,13-878-7885,630,630,630,630
631,27-713-9949,69-535-1235,78-025-5993,631,631,631,631
632,47-436-3926,15-217-2995,12-619-8319,632,632,632,632
633,25-480-7591,86-845-0974,18-258-7946,633,633,633,633
634,47-656-9377,38-438-6115,06-478-9887,634,634,634,634
635,08-765-5284,25-199-6292,12-302-3131,635,635,635,635
636,82-758-7304,05-813-7715,56-602-4340,636,636,636,636
637,40-893-7604,59-028-7067,08-417-5951,637,637,637,637
638,75-168-8342,52-488-2625,74-829-5223,638,638,638,638
639,53-130-9210,61-743-4165,56-033-6150,639,639,639,639
640,40-337-3505,90-821-2207,87-058-9468,640,640,640,640
641,55-967-8835,35-652-7300,14-136-8395,641,641,641,641
642,94-819-4608,28-879-3478,52-470-1113,642,642,642,642
643,38-077-9207,47-596-9357,37-006-2540,643,643,643,643
644,32-019-9613,50-843-3878,30-976-6115,644,644,644,644
645,99-573-0028,53-159-6305,38-079-5503,645,645,645,645
646,70-576-2003,92-243-6573,17-217-4720,646,646,646,646
647,97-681-4357,40-512-1985,08-019-2063,647,647,647,647
648,31-958-4499,41-871-9282,24-944-2617,648,648,648,648
649,74-736-2255,48-102-3993,61-170-6046,649,649,649,649
650,66-324-1646,45-775-3733,63-676-6145,650,650,650,650
651,76-909-5547,08-543-7754,57-156-2663,651,651,651,651
652,39-912-7838,60-256-4520,22-817-8658,652,652,652,652
653,34-462-4180,71-127-9796,23-224-3092,653,653,653,653
654,73-146-2363,87-439-8179,86-354-8479,654,654,654,654
655,11-205-7498,51-237-9189,49-846-4118,655,655,655,655
656,79-565-2208,26-645-6866,59-846-3744,656,656,656,656
657,00-155-3619,82-766-9070,05-667-4059,657,657,657,657
658,40-451-9999,79-193-6560,09-777-1398,658,658,658,658
659,23-384-7013,63-478-6630,96-336-7008,659,659,659,659
660,43-569-5042,55-549-7276,64-009-8629,660,660,660,660
661,87-801-2271,89-548-7863,56-646-6585,661,661,661,661
662,26-528-7141,50-430-9632,89-352-7014,662,662,662,662
663,38-039-9386,43-069-9169,28-705-8010,663,663,663,663
664,34-279-1658,84-782-4260,28-699-1137,664,664,664,664
665,52-277-4674,36-741-9054,97-623-3789,665,665,665,665
666,96-078-1021,44-684-7163,41-486-6299,666,666,666,666
667,81-289-1167,08-630-1729,30-311-7063,667,667,667,667
668,88-320-0201,11-964-4629,14-698-8055,668,668,668,668
669,16-087-6844,31-323-7334,57-012-4753,669,669,669,669
670,59-548-9815,07-543-5147,46-589-3388,670,670,670,670
671,27-002-1851,42-175-0749,41-245-6762,671,671,671,671
672,20-668-4332,42-510-0080,36-910-6377,672,672,672,672
673,79-798-8386,11-136-9344,36-648-2709,673,673,673,673
674,65-908-8689,48-089-5977,09-727-3140,674,674,674,674
675,35-251-5311,94-459-3489,92-584-6701,675,675,675,675
676,93-543-8181,35-866-0844,70-422-5102,676,676,676,676
677,70-930-7743,01-393-6320,76-139-1871,677,677,677,677
678,97-399-4036,14-827-1419,06-564-4987,678,678,678,678
679,92-820-2786,70-320-1307,28-614-6962,679,679,679,679
680,19-707-2735,20-420-2361,51-849-2108,680,680,680,680
681,34-946-4028,53-684-9194,58-160-4545,681,681,681,681
682,69-038-0151,82-748-0724,08-571-8811,682,682,682,682
683,24-970-9330,63-146-3943,93-236-0916,683,683,683,683
684,66-791-3055,62-863-0750,15-908-0719,684,684,684,684
685,46-884-4869,30-402-5973,11-214-8242,685,685,685,685
686,56-155-6185,71-278-6852,54-611-6592,686,686,686,686
687,25-741-9152,78-216-2617,70-170-3399,687,687,687,687
688,44-491-3391,37-215-0807,68-958-5796,688,688,688,688
689,31-736-0529,19-913-5962,86-769-8263,689,689,689,689
690,43-493-5956,85-555-6222,11-037-7649,690,690,690,690
691,89-648-5979,55-090-3522,07-786-5811,691,691,691,691
692,50-037-1757,41-379-8651,88-519-1089,692,692,692,692
693,02-883-3475,52-971-5499,26-877-8089,693,693,693,693
694,53-780-0801,82-026-2041,58-193-7060,694,694,694,694
695,60-856-1737,30-560-9868,08-693-1867,695,695,695,695
696,12-413-5416,92-290-5107,18-250-5404,696,696,696,696
697,80-932-4935,60-929-0614,34-966-1251,697,697,697,697
698,69-751-2867,91-239-7191,23-400-9330,698,698,698,698
699,25-225-8251,19-356-6099,80-300-8988,699,699,699,699
700,60-462-6375,92-684-9770,38-871-1053,700,700,700,700
701,96-453-9050,80-376-8378,59-813-6296,701,701,701,701
702,23-048-5115,33-420-9542,08-331-8091,702,702,702,702
703,94-082-2535,29-080-6348,21-842-5380,703,703,703,703
704,86-198-0073,88-516-1259,01-274-8453,704,704,704,704
705,79-588-0321,00-103-6686,29-035-4157,705,705,705,705
706,40-090-5061,92-068-6682,47-989-2420,706,706,706,706
707,92-597-2955,74-936-4726,08-131-8342,707,707,707,707
708,98-144-0599,08-426-0845,25-715-2108,708,708,708,708
709,86-646-4831,89-306-4317,03-615-0318,709,709,709,709
710,27-622-2524,32-993-3362,01-611-7122,710,710,710,710
711,27-308-0167,02-871-6288,17-927-4517,711,711,711,711
712,41-775-7717,33-183-0276,22-155-8898,712,712,712,712
713,58-643-9141,82-564-5206,23-902-5598,713,713,713,713
714,23-939-2738,71-322-0569,18-586-3037,714,714,714,714
715,96-682-1198,41-676-6707,09-170-9879,715,715,715,715
716,82-074-1148,73-819-1026,03-539-1359,716,716,716,716
717,61-174-6078,02-183-9466,54-533-7821,717,717,717,717
718,45-870-8784,60-130-9945,75-242-5035,718,718,718,718
719,24-864-7889,74-863-1715,95-711-3170,719,719,719,719
720,10-733-6733,58-012-6342,67-483-2189,720,720,720,720
721,17-188-3605,79-255-4573,16-331-0001,721,721,721,721
722,57-780-2598,92-767-8441,42-285-0512,722,722,722,722
723,49-232-6323,98-371-5030,45-913-8197,723,723,723,723
724,28-640-9698,81-855-2651,46-579-5005,724,724,724,724
725,69-275-5218,63-691-8164,12-914-5781,725,725,725,725
726,01-042-6956,04-662-8744,55-174-9226,726,726,726,726
727,36-843-9692,42-030-9054,51-326-1889,727,727,727,727
728,59-357-6190,81-974-9938,11-702-3252,728,728,728,728
729,59-895-3373,77-857-2433,08-905-9099,729,729,729,729
730,10-648-8585,18-118-5193,50-959-0055,730,730,730,730
731,18-065-6425,77-699-5259,95-786-6374,731,731,731,731
732,29-617-5104,51-193-3064,68-425-6056,732,732,732,732
733,69-054-3392,96-956-5797,08-424-2347,733,733,733,733
734,46-437-8648,96-200-1186,83-169-9678,734,734,734,734
735,20-341-6871,88-921-1232,97-604-3421,735,735,735,735
736,65-443-3696,90-759-2515,74-227-1485,736,736,736,736
737,62-925-0348,16-466-1367,84-051-9649,737,737,737,737
738,61-423-5043,27-065-1058,47-285-9886,738,738,738,738
739,57-950-3467,02-055-2515,63-311-8265,739,739,739,739
740,47-346-0345,31-961-6855,41-146-7737,740,740,740,740
741,72-189-1269,23-046-9093,91-971-8119,741,741,741,741
742,36-940-1046,94-660-9921,40-954-8019,742,742,742,742
743,84-087-1709,71-863-8808,22-133-4979,743,743,743,743
744,93-771-8845,95-541-7105,37-175-8946,744,744,744,744
745,69-545-7040,78-705-7009,22-814-2688,745,745,745,745
746,12-229-3833,34-418-6031,86-135-2522,746,746,746,746
747,55-283-9309,60-132-9906,21-982-3589,747,747,747,747
748,27-710-7236,76-389-4492,99-699-6318,748,748,748,748
749,27-095-2571,14-059-1525,02-996-3167,749,749,749,749
750,42-860-8319,86-157-9058,92-828-8881,750,750,750,750
751,38-204-2844,31-045-2619,29-497-4396,751,751,751,751
752,99-957-4162,52-100-0238,28-877-2638,752,752,752,752
753,59-963-5609,96-693-8501,13-057-0794,753,753,753,753
754,64-912-6172,47-336-1000,74-438-1324,754,754,754,754
755,96-641-0106,80-346-9360,60-721-0681,755,755,755,755
756,40-249-2784,19-156-7571,84-020-4537,756,756,756,756
757,71-629-1130,11-143-1553,98-674-8357,757,757,757,757
758,74-311-0779,70-777-8354,90-429-3682,758,758,758,758
759,22-738-0628,42-579-6926,09-886-2720,759,759,759,759
760,42-433-2664,31-062-4190,00-996-7200,760,760,760,760
761,98-429-6277,34-809-3452,51-540-3130,761,761,761,761
762,77-539-9236,19-655-7201,80-327-9927,762,762,762,762
763,49-887-6196,56-669-2707,36-798-2247,763,763,763,763
764,56-021-4346,24-388-4573,57-457-7347,764,764,764,764
765,19-164-2617,66-524-1526,17-788-2534,765,765,765,765
766,55-661-5786,07-645-3713,29-163-3942,766,766,766,766
767,74-472-6401,68-079-7295,91-118-2663,767,767,767,767
768,96-179-3921,98-762-2996,76-052-8284,768,768,768,768
769,17-339-7194,19-252-8800,16-885-9017,769,769,769,769
770,22-496-6654,60-452-9186,26-639-7272,770,770,770,770
771,15-673-9307,82-557-6354,48-205-5441,771,771,771,771
772,91-001-8824,78-234-1525,20-926-1944,772,772,772,772
773,59-503-9683,30-756-8960,66-114-9558,773,773,773,773
774,51-775-4856,18-183-9174,30-264-7463,774,774,774,774
775,11-151-5834,53-516-8655,77-203-4349,775,775,775,775
776,04-107-2767,49-060-3531,19-813-4705,776,776,776,776
777,18-844-2390,90-796-7369,10-570-9760,777,777,777,777
778,90-009-9221,97-072-3331,81-674-2403,778,778,778,778
779,43-512-2981,62-567-1709,03-068-4748,779,779,779,779
780,20-285-8474,50-364-3281,70-995-4294,780,780,780,780
781,02-056-0405,01-215-9994,71-332-3988,781,781,781,781
782,48-156-0927,77-076-7894,99-976-0353,782,782,782,782
783,65-777-3441,37-511-2469,10-311-4572,783,783,783,783
784,03-131-4300,94-055-0412,47-914-2198,784,784,784,784
785,26-616-8899,15-766-2713,45-894-3806,785,785,785,785
786,78-157-1417,66-920-3294,92-061-7341,786,786,786,786
787,65-834-9298,98-187-4870,08-896-7207,787,787,787,787
788,76-928-9406,03-523-9689,25-702-8962,788,788,788,788
789,20-384-6847,00-823-0044,85-781-1005,789,789,789,789
790,68-294-5904,18-819-7463,21-687-4720,790,790,790,790
791,54-829-2193,07-157-7599,68-282-8521,791,791,791,791
792,04-916-9483,39-862-0480,74-511-5410,792,792,792,792
793,71-965-1048,86-445-4768,59-170-9448,793,793,793,793
794,67-098-3731,18-797-0427,37-530-4609,794,794,794,794
795,02-233-7986,23-835-5385,78-126-9115,795,795,795,795
796,03-666-5022,91-418-7468,51-969-0553,796,796,796,796
797,16-847-2893,28-204-5997,33-189-8020,797,797,797,797
798,51-229-0609,13-292-4454,28-006-0700,798,798,798,798
799,74-279-9319,77-699-8990,78-203-8323,799,799,799,799
800,57-277-2792,27-518-7502,55-935-5588,800,800,800,800
801,26-458-1996,45-675-3902,52-390-1864,801,801,801,801
802,52-593-1654,85-083-6624,20-170-0184,802,802,802,802
803,35-859-3267,97-689-1056,96-545-3010,803,803,803,803
804,06-357-0188,67-864-8857,42-724-1723,804,804,804,804
805,65-545-9736,36-725-6532,11-284-6009,805,805,805,805
806,56-669-4573,15-730-3125,95-864-5473,806,806,806,806
807,21-192-2910,10-398-7119,88-365-5475,807,807,807,807
808,60-667-8586,21-492-6212,18-371-6586,808,808,808,808
809,00-597-1623,58-423-1148,43-442-7143,809,809,809,809
810,99-564-3316,74-402-8066,35-177-3997,810,810,810,810
811,43-647-4838,94-854-6622,38-419-0005,811,811,811,811
812,79-232-6559,59-683-7126,61-063-9246,812,812,812,812
813,36-876-6592,76-578-6289,52-479-8256,813,813,813,813
814,05-958-4453,25-587-4524,23-547-4332,814,814,814,814
815,85-171-2406,01-335-8002,88-241-1350,815,815,815,815
816,77-444-9004,75-372-3803,87-340-1414,816,816,816,816
817,69-430-7624,95-714-2208,17-381-9130,817,817,817,817
818,78-635-9121,28-995-0263,85-867-5367,818,818,818,818
819,80-642-7817,01-639-4624,10-206-7729,819,819,819,819
820,14-389-7068,68-867-0448,03-026-5660,820,820,820,820
821,75-935-0160,80-197-1355,28-337-1219,821,821,821,821
822,61-836-3069,67-526-1458,39-936-4333,822,822,822,822
823,50-448-9581,11-253-2583,53-973-1898,823,823,823,823
824,76-983-5498,43-034-2484,14-148-8571,824,824,824,824
825,73-401-6115,90-469-5244,07-697-5029,825,825,825,825
826,04-554-7450,99-170-6695,41-904-7012,826,826,826,826
827,93-188-3069,03-254-8275,16-768-2385,827,827,827,827
828,49-051-0564,62-347-4538,19-866-9353,828,828,828,828
829,81-761-9519,58-751-3794,08-971-7856,829,829,829,829
830,53-387-1312,56-414-0910,33-116-4898,830,830,830,830
831,02-098-1134,73-210-1528,87-947-6045,831,831,831,831
832,69-380-6420,25-185-3611,70-597-2449,832,832,832,832
833,85-269-7980,65-101-8499,19-693-2343,833,833,833,833
834,20-895-4492,64-101-0707,53-400-9313,834,834,834,834
835,99-670-9067,64-076-9969,78-273-4888,835,835,835,835
836,03-960-3207,47-343-0614,23-838-8121,836,836,836,836
837,07-115-7412,01-949-4847,03-912-9534,837,837,837,837
838,90-837-9331,89-632-1527,35-673-2770,838,838,838,838
839,15-835-9739,03-590-1800,24-178-0823,839,839,839,839
840,27-388-8165,52-517-3016,53-874-0214,840,840,840,840
841,82-908-7931,42-563-6289,55-366-4365,841,841,841,841
842,69-380-2973,98-451-7060,53-959-0104,842,842,842,842
843,09-105-9695,64-570-8811,82-857-8446,843,843,843,843
844,19-103-4588,51-352-5537,21-142-8393,844,844,844,844
845,96-080-4392,89-715-8620,79-501-4024,845,845,845,845
846,39-183-9570,29-018-1945,99-419-9112,846,846,846,846
847,17-822-9035,08-002-7187,24-634-0530,847,847,847,847
848,73-433-3622,99-354-4506,06-754-2466,848,848,848,848
849,21-361-9091,31-694-7961,47-464-2538,849,849,849,849
850,91-267-8883,67-855-9266,11-547-1246,850,850,850,850
851,26-901-3813,83-091-2271,01-040-5288,851,851,851,851
852,59-732-7560,31-374-7249,58-212-7500,852,852,852,852
853,32-062-7038,61-398-4886,30-987-4430,853,853,853,853
854,29-499-1283,82-046-2886,91-999-4387,854,854,854,854
855,30-146-6643,00-465-3117,83-598-0963,855,855,855,855
856,07-798-9211,71-185-1296,41-724-6635,856,856,856,856
857,34-087-7965,83-043-9803,92-578-4566,857,857,857,857
858,75-538-5662,89-374-9456,18-950-8882,858,858,858,858
859,33-340-9070,50-758-9392,92-083-8072,859,859,859,859
860,86-878-1636,83-218-9990,16-464-3433,860,860,860,860
861,31-286-8942,22-095-8297,23-361-6566,861,861,861,861
862,10-103-7061,72-922-9410,91-382-3226,862,862,862,862
863,52-663-8109,45-638-4125,87-691-3691,863,863,863,863
864,63-997-8629,10-724-2972,20-938-6266,864,864,864,864
865,70-160-5241,17-843-0745,53-907-1216,865,865,865,865
866,85-347-9137,07-727-2621,43-869-7652,866,866,866,866
867,94-299-1679,48-124-1795,11-510-7500,867,867,867,867
868,29-018-8102,48-236-6778,53-215-2607,868,868,868,868
869,41-403-2666,91-184-1615,08-282-0426,869,869,869,869
870,60-209-5418,11-496-9106,39-550-5939,870,870,870,870
871,13-610-9404,17-933-2268,57-077-5360,871,871,871,871
872,07-919-0873,13-977-6878,15-492-4857,872,872,872,872
873,15-911-5897,86-497-2860,18-571-4022,873,873,873,873
874,38-816-7007,68-752-4320,06-729-5989,874,874,874,874
875,15-297-8118,76-154-4963,30-179-5157,875,875,875,875
876,62-349-9956,64-395-1933,06-122-2679,876,876,876,876
877,56-330-6547,37-974-1599,14-363-9740,877,877,877,877
878,23-769-7406,89-127-7434,04-822-7600,878,878,878,878
879,14-445-4856,14-101-4470,83-768-2095,879,879,879,879
880,19-880-2730,36-214-5203,45-179-6669,880,880,880,880
881,63-964-1048,59-510-0494,37-553-8971,881,881,881,881
882,60-829-1542,74-098-2147,74-878-7126,882,882,882,882
883,95-336-1521,90-368-7137,76-459-6435,883,883,883,883
884,20-531-3163,44-629-4243,34-279-3606,884,884,884,884
885,37-579-2273,54-220-7992,69-174-1565,885,885,885,885
886,10-335-2167,42-585-9398,61-666-5961,886,886,886,886
887,07-872-1395,63-157-2512,07-692-4191,887,887,887,887
888,84-083-1965,96-425-5182,18-760-2795,888,888,888,888
889,55-851-4145,12-747-6681,13-351-1359,889,889,889,889
890,40-429-6446,84-095-4523,16-710-8566,890,890,890,890
891,26-314-2278,86-141-3396,58-202-6941,891,891,891,891
892,84-330-2341,70-712-9902,31-416-8701,892,892,892,892
893,23-611-8185,57-920-1106,73-799-9832,893,893,893,893
894,32-570-1450,44-776-4205,51-439-0723,894,894,894,894
895,43-512-8628,44-884-7189,46-091-9035,895,895,895,895
896,56-497-2008,57-338-6736,71-793-9047,896,896,896,896
897,73-280-9947,38-598-3697,03-065-2523,897,897,897,897
898,73-724-3497,67-419-3152,02-450-0320,898,898,898,898
899,09-475-9635,25-311-5007,59-600-9709,899,899,899,899
900,12-729-0549,57-081-5960,21-460-8595,900,900,900,900
901,82-078-2306,13-597-5141,55-452-9521,901,901,901,901
902,31-862-0996,79-912-6927,11-778-4489,902,902,902,902
903,99-218-6179,88-987-2067,45-026-4538,903,903,903,903
904,76-075-3132,07-291-5839,82-093-1633,904,904,904,904
905,04-583-5038,29-164-3276,02-890-1225,905,905,905,905
906,87-778-0393,02-678-4787,61-391-1400,906,906,906,906
907,27-156-3456,02-740-1477,97-788-1398,907,907,907,907
908,93-021-2435,98-800-9432,11-251-6949,908,908,908,908
909,79-675-4818,13-762-9166,69-972-8976,909,909,909,909
910,38-467-4946,27-747-0929,31-424-2937,910,910,910,910
911,99-191-0541,79-969-1090,03-611-3853,911,911,911,911
912,33-110-0834,10-025-9689,75-814-4999,912,912,912,912
913,29-345-0260,08-422-1474,11-108-0217,913,913,913,913
914,43-614-7745,68-728-3459,61-972-2715,914,914,914,914
915,25-205-5558,49-633-0534,18-360-6227,915,915,915,915
916,68-915-0100,16-902-7710,25-870-6351,916,916,916,916
917,14-096-4564,36-522-3872,08-875-0610,917,917,917,917
918,53-157-7237,12-655-2727,08-379-8715,918,918,918,918
919,00-200-4461,02-024-9211,83-140-6947,919,919,919,919
920,12-928-1143,90-720-2231,32-830-3637,920,920,920,920
921,57-459-0605,64-887-2963,07-955-6941,921,921,921,921
922,96-672-2017,73-931-5420,47-783-3409,922,922,922,922
923,95-501-0161,92-129-2728,68-860-3704,923,923,923,923
924,87-034-5795,92-306-7893,23-092-6113,924,924,924,924
925,54-735-8956,25-593-4834,41-019-0047,925,925,925,925
926,98-163-6299,43-159-7293,15-344-2535,926,926,926,926
927,01-938-1475,48-479-4480,11-125-3570,927,927,927,927
928,26-610-7308,36-074-0483,81-461-4301,928,928,928,928
929,59-103-5084,44-611-2596,86-741-9637,929,929,929,929
930,84-583-9226,17-652-1618,88-353-1934,930,930,930,930
931,18-443-5197,80-948-9443,09-007-1719,931,931,931,931
932,59-800-8978,54-247-1394,67-944-1337,932,932,932,932
933,31-943-7970,42-804-9014,92-477-1088,933,933,933,933
934,87-149-3788,66-139-6861,89-661-4504,934,934,934,934
935,49-455-9153,78-341-0515,28-122-1514,935,935,935,935
936,30-372-5649,02-593-5324,45-695-8311,936,936,936,936
937,83-531-6317,47-833-1222,06-323-6853,937,937,937,937
938,04-756-7201,85-716-2763,50-227-7972,938,938,938,938
939,01-995-1895,36-608-6647,43-999-8673,939,939,939,939
940,55-001-1739,76-366-2703,75-831-5924,940,940,940,940
941,97-297-4136,17-077-5964,83-263-9154,941,941,941,941
942,68-730-7675,59-510-4545,81-951-7748,942,942,942,942
943,95-957-3591,38-672-6098,57-010-5203,943,943,943,943
944,80-583-3613,92-253-5239,77-586-5253,944,944,944,944
945,38-094-4464,64-612-0287,37-503-5458,945,945,945,945
946,43-984-1081,30-462-9014,74-921-1396,946,946,946,946
947,19-404-8198,36-137-8486,37-318-3018,947,947,947,947
948,17-902-5767,73-034-1543,79-318-5775,948,948,948,948
949,98-917-8805,52-143-1182,98-123-3924,949,949,949,949
950,68-709-7708,87-623-2008,78-664-0143,950,950,950,950
951,12-164-0001,79-461-3656,22-241-1645,951,951,951,951
952,24-421-7281,78-098-4538,55-449-7972,952,952,952,952
953,21-309-9378,44-617-4468,28-917-5067,953,953,953,953
954,18-730-3879,00-369-3100,87-291-3938,954,954,954,954
955,67-294-0318,21-640-7580,54-717-9974,955,955,955,955
956,90-120-5150,78-107-9120,55-390-1447,956,956,956,956
957,34-716-4652,04-454-8880,22-055-0575,957,957,957,957
958,33-725-7230,99-799-4035,74-970-6248,958,958,958,958
959,48-397-8652,80-439-6960,83-286-7605,959,959,959,959
960,86-953-8177,16-597-9576,66-044-4189,960,960,960,960
961,99-484-5197,52-547-9948,52-987-0840,961,961,961,961
962,02-830-9047,46-188-9444,93-668-1624,962,962,962,962
963,94-594-9823,28-302-7667,42-450-4403,963,963,963,963
964,84-722-2565,69-996-7140,02-842-3416,964,964,964,964
965,13-935-3287,75-280-2133,88-906-2467,965,965,965,965
966,06-728-2731,73-896-7176,59-236-2084,966,966,966,966
967,51-939-1797,43-981-1655,97-219-9561,967,967,967,967
968,84-802-0566,30-140-5977,86-058-1854,968,968,968,968
969,94-567-1415,35-601-5974,81-883-9088,969,969,969,969
970,44-305-8194,26-962-2887,59-241-7939,970,970,970,970
971,08-825-5461,77-871-7798,27-779-0000,971,971,971,971
972,99-199-9806,87-642-7814,13-975-6710,972,972,972,972
973,58-217-5293,75-036-4547,37-005-3321,973,973,973,973
974,54-892-5160,17-096-7237,26-041-3903,974,974,974,974
975,85-278-0467,16-827-0294,56-526-3084,975,975,975,975
976,02-006-8728,60-996-0826,53-630-3146,976,976,976,976
977,69-809-7391,31-664-1614,83-847-5778,977,977,977,977
978,81-264-3734,14-191-4557,05-741-9514,978,978,978,978
979,78-744-0684,68-384-2404,34-223-6394,979,979,979,979
980,44-014-9742,49-146-0192,79-469-8492,980,980,980,980
981,09-427-9032,91-247-3316,98-780-6533,981,981,981,981
982,10-010-8713,30-680-3787,53-039-7126,982,982,982,982
983,66-426-9932,63-660-5775,18-575-9171,983,983,983,983
984,97-739-2204,02-937-5217,17-820-1499,984,984,984,984
985,62-905-5675,80-021-2790,28-033-4541,985,985,985,985
986,82-076-1126,68-766-1422,38-748-8609,986,986,986,986
987,17-918-5473,14-154-2611,46-212-6384,987,987,987,987
988,32-494-8931,56-263-7342,60-992-9339,988,988,988,988
989,02-359-4295,37-721-5270,67-699-6563,989,989,989,989
990,31-761-8085,99-532-9638,48-233-7364,990,990,990,990
991,07-479-1484,80-450-5710,98-454-5076,991,991,991,991
992,72-733-1208,13-939-8147,11-644-0774,992,992,992,992
993,81-008-3707,99-828-4412,03-753-8168,993,993,993,993
994,27-618-9393,82-282-7816,24-838-7378,994,994,994,994
995,49-935-0293,00-685-8798,46-503-1026,995,995,995,995
996,82-667-4624,50-881-8252,53-883-2962,996,996,996,996
997,60-815-7780,34-848-1008,84-595-2127,997,997,997,997
998,92-431-8910,62-151-1248,38-037-2809,998,998,998,998
999,34-472-3263,47-373-9004,17-301-3847,999,999,999,999
1000,67-144-1122,93-837-9293,25-289-2152,1000,1000,1000,1000
